{"cameraMode":{"drawMode":0,"name":"Shaded","section":"Shading Mode"},"sceneLighting":false,"audioPlay":false,"sceneViewState":{"showFog":true,"showMaterialUpdate":false,"showSkybox":false,"showFlares":true,"showImageEffects":true,"showParticleSystems":true},"in2DMode":false,"pivot":{"x":0.0,"y":0.19999998807907105,"z":0.0034960657358169557},"rotation":{"x":-0.05555271729826927,"y":0.7567058801651001,"z":-0.06485637277364731,"w":-0.6481599807739258},"size":1.319342017173767,"orthographic":false}