{"cameraMode":{"drawMode":0,"name":"Shaded","section":"Shading Mode"},"sceneLighting":true,"audioPlay":false,"sceneViewState":{"showFog":true,"showMaterialUpdate":false,"showSkybox":true,"showFlares":true,"showImageEffects":true,"showParticleSystems":true},"in2DMode":false,"pivot":{"x":-4.750768661499023,"y":-2.6482596397399904,"z":4.961853504180908},"rotation":{"x":0.23324671387672425,"y":-0.36843347549438479,"z":0.09604085981845856,"w":0.894780158996582},"size":8.55695915222168,"orthographic":false}