{"cameraMode":{"drawMode":0,"name":"Shaded","section":"Shading Mode"},"sceneLighting":true,"audioPlay":false,"sceneViewState":{"showFog":true,"showMaterialUpdate":false,"showSkybox":true,"showFlares":true,"showImageEffects":true,"showParticleSystems":true},"in2DMode":false,"pivot":{"x":1.996449589729309,"y":-0.0884852409362793,"z":-0.025546550750732423},"rotation":{"x":-0.004134829621762037,"y":0.9721736907958984,"z":-0.23359379172325135,"w":-0.017208386212587358},"size":4.941658973693848,"orthographic":false}