{"cameraMode":{"drawMode":0,"name":"Shaded","section":"Shading Mode"},"sceneLighting":true,"audioPlay":false,"sceneViewState":{"showFog":true,"showMaterialUpdate":false,"showSkybox":true,"showFlares":true,"showImageEffects":true,"showParticleSystems":true},"in2DMode":false,"pivot":{"x":-1.1821964979171754,"y":-1.8042559623718262,"z":8.042912483215332},"rotation":{"x":0.40291503071784975,"y":-0.09309793263673783,"z":0.04124116152524948,"w":0.9095579385757446},"size":8.686188697814942,"orthographic":false}